N,종목명,현재가,전일비,등락률,액면가,시가총액,상장주식수,외국인비율,거래량,PER,ROE,토론
1,삼성전자,"68,800","하락1,100",-1.57%,100,"4,072,711","5,919,638",50.56,"12,542,410",13.33,9.03,
2,SK하이닉스,"258,500","하락5,000",-1.90%,"5,000","1,881,886","728,002",55.12,"1,374,559",7.24,31.06,
3,LG에너지솔루션,"384,000","하락2,500",-0.65%,500,"898,560","234,000",4.19,"301,979",-77.20,-4.93,
4,삼성바이오로직스,"1,031,000","하락20,000",-1.90%,"2,500","733,804","71,174",12.90,"43,461",57.35,10.45,
5,한화에어로스페이스,"936,000","하락25,000",-2.60%,"5,000","482,633","51,563",44.15,"184,646",18.93,53.94,
6,삼성전자우,"56,700",하락400,-0.70%,100,"462,658","815,975",74.15,"925,477",10.98,N/A,
7,KB금융,"115,600","상승3,200",+2.85%,"5,000","440,970","381,462",77.74,"892,654",8.02,8.86,
8,현대차,"210,500",보합0,0.00%,"5,000","431,015","204,758",36.00,"372,330",4.59,12.43,
9,두산에너빌리티,"66,300","상승1,500",+2.31%,"5,000","424,692","640,561",23.78,"7,621,850",-416.98,1.52,
10,HD현대중공업,"466,500","상승2,500",+0.54%,"5,000","414,127","88,773",11.08,"247,270",47.22,11.39,
11,셀트리온,"178,500",상승700,+0.39%,"1,000","412,193","230,920",21.38,"283,520",82.60,2.46,
12,기아,"101,800",상승400,+0.39%,"5,000","404,831","397,673",39.71,"780,399",4.34,19.09,
13,NAVER,"228,500","하락3,500",-1.51%,100,"362,029","158,437",43.61,"1,076,418",19.95,7.90,
14,한화오션,"114,200","하락1,900",-1.64%,"5,000","349,924","306,413",15.04,"2,253,862",50.51,11.52,
15,신한지주,"68,700",상승700,+1.03%,"5,000","333,535","485,495",60.03,"857,830",7.54,8.11,
16,삼성물산,"162,900",상승300,+0.18%,100,"276,892","169,977",27.38,"213,161",13.01,6.83,
17,한국전력,"41,150","상승2,850",+7.44%,"5,000","264,168","641,964",20.24,"13,002,951",5.02,9.22,
18,현대모비스,"286,000",보합0,0.00%,"5,000","262,534","91,795",43.75,"146,201",6.30,9.35,
19,카카오,"56,800","상승2,100",+3.84%,100,"251,064","442,014",27.95,"3,965,770",164.16,0.56,
20,삼성생명,"124,100","상승1,000",+0.81%,500,"248,200","200,000",21.90,"98,104",11.71,6.18,
21,HD한국조선해양,"350,000","하락6,500",-1.82%,"5,000","247,706","70,773",32.74,"182,933",16.75,11.16,
22,하나금융지주,"85,500","상승1,000",+1.18%,"5,000","243,439","284,724",67.21,"535,520",6.45,9.11,
23,POSCO홀딩스,"298,500",상승500,+0.17%,"5,000","241,585","80,933",29.78,"201,336",29.02,2.00,
24,HMM,"23,050",보합0,0.00%,"5,000","236,272","1,025,039",7.03,"655,158",4.54,15.35,
25,현대로템,"197,400","하락3,600",-1.79%,"5,000","215,447","109,142",31.82,"1,326,730",42.32,21.85,
26,LG화학,"301,000","상승3,000",+1.01%,"5,000","212,483","70,592",31.54,"265,521",-25.20,-2.11,
27,메리츠금융지주,"114,600","상승1,100",+0.97%,500,"206,297","180,014",15.49,"197,959",9.38,23.44,
28,삼성화재,"437,500","상승3,500",+0.81%,500,"201,299","46,011",55.61,"50,728",11.17,13.11,
29,우리금융지주,"25,050",상승150,+0.60%,"5,000","186,019","742,592",46.98,"1,181,727",6.46,9.39,
30,SK스퀘어,"140,300","하락3,200",-2.23%,100,"185,955","132,541",53.55,"288,327",3.78,21.70,
31,HD현대일렉트릭,"507,000","상승3,000",+0.60%,"5,000","182,759","36,047",35.54,"134,344",32.54,39.34,
32,삼성SDI,"218,000","상승4,500",+2.11%,"5,000","175,676","80,586",27.23,"1,157,275",149.21,3.13,
33,삼성중공업,"19,600",하락150,-0.76%,"1,000","172,480","880,000",31.44,"4,162,383",118.07,1.77,
34,KT&G,"140,500","상승3,300",+2.41%,"5,000","171,498","122,062",42.80,"359,163",15.82,12.66,
35,SK이노베이션,"109,000","상승2,500",+2.35%,"5,000","164,628","151,035",13.58,"344,932",-5.39,-9.65,
36,기업은행,"19,340",상승110,+0.57%,"5,000","154,222","797,426",13.87,"645,899",5.77,8.06,
37,고려아연,"767,000","상승4,000",+0.52%,"5,000","153,578","20,023",12.01,"10,379",64.45,2.28,
38,크래프톤,"319,500","상승2,500",+0.79%,100,"151,418","47,392",42.94,"163,996",11.54,21.10,
39,SK,"192,400","상승4,500",+2.39%,200,"139,495","72,503",25.33,"149,760",15.67,-5.64,
40,KT,"54,400",하락400,-0.73%,"5,000","137,100","252,022",49.00,"271,042",21.66,2.85,
41,LIG넥스원,"603,000","하락11,000",-1.79%,"5,000","132,660","22,000",31.67,"125,184",54.07,19.59,
42,카카오뱅크,"26,900",하락350,-1.28%,"5,000","128,310","476,990",16.87,"2,665,863",27.51,6.95,
43,LG전자,"76,900",상승300,+0.39%,"5,000","125,845","163,648",29.04,"254,054",20.10,1.81,
44,LG,"77,600",상승100,+0.13%,"5,000","122,027","157,251",34.79,"125,987",15.36,2.16,
45,SK텔레콤,"56,300",하락200,-0.35%,100,"120,927","214,790",38.79,"476,647",9.58,10.83,
46,현대글로비스,"159,500","상승10,700",+7.19%,500,"119,625","75,000",49.92,"360,983",10.07,13.24,
47,삼성에스디에스,"154,300",하락500,-0.32%,500,"119,394","77,378",18.69,"138,687",15.76,8.42,
48,효성중공업,"1,278,000","하락4,000",-0.31%,"5,000","119,168","9,325",24.40,"45,717",39.31,14.90,
49,포스코퓨처엠,"150,900","상승2,500",+1.68%,500,"116,892","77,463",9.98,"688,479",-54.01,-7.98,
50,삼성전기,"155,600",하락100,-0.06%,"5,000","116,223","74,694",34.59,"453,969",19.17,8.16,
51,하이브,"259,000","하락3,000",-1.15%,500,"107,879","41,652",20.48,"295,798",206.21,0.31,
52,삼양식품,"1,429,000","상승13,000",+0.92%,"5,000","107,647","7,533",20.26,"27,304",35.34,39.37,
53,한화시스템,"56,800","하락1,200",-2.07%,"5,000","107,306","188,919",7.13,"758,396",24.37,19.63,
54,미래에셋증권,"18,720",상승460,+2.52%,"5,000","106,763","570,316",12.99,"1,758,179",13.72,7.94,
55,HD현대,"133,700","상승1,200",+0.91%,"1,000","105,614","78,993",23.91,"176,633",20.11,6.36,
56,두산,"605,000","하락12,000",-1.94%,"5,000","99,969","16,524",15.89,"96,975",-62.44,-14.57,
57,LS ELECTRIC,"326,000","하락3,000",-0.91%,"5,000","97,800","30,000",24.70,"149,412",42.49,13.44,
58,한국항공우주,"95,100",상승500,+0.53%,"5,000","92,699","97,475",34.33,"602,714",56.01,10.42,
59,HD현대마린솔루션,"206,000","상승4,500",+2.23%,500,"92,348","44,829",29.53,"88,214",36.86,44.98,
60,유한양행,"114,500",하락400,-0.35%,"1,000","91,564","79,968",17.22,"225,509",139.46,3.41,
61,DB손해보험,"128,200","상승2,700",+2.15%,500,"90,766","70,800",44.71,"151,818",5.33,18.98,
62,KODEX CD금리액티브(합성),"1,073,920",상승75,+0.01%,0,"88,924","8,280",0.00,"217,333",N/A,N/A,
63,TIGER 미국S&P500,"21,805",하락45,-0.21%,0,"87,918","403,200",0.07,"8,603,903",N/A,N/A,
64,대한항공,"23,800",상승550,+2.37%,"5,000","87,637","368,221",16.57,"1,201,459",7.16,13.17,
65,포스코인터내셔널,"48,200",상승100,+0.21%,"5,000","84,795","175,923",5.78,"287,030",15.76,8.14,
66,한미반도체,"88,400",상승500,+0.57%,100,"84,256","95,312",6.79,"383,634",62.17,27.43,
67,카카오페이,"62,400",상승600,+0.97%,500,"84,235","134,992",34.46,"1,373,746","-2,012.90",-0.73,
68,SK바이오팜,"101,500","하락9,900",-8.89%,500,"79,488","78,313",11.50,"981,595",31.64,58.01,
69,에이피알,"208,500","상승21,200",+11.32%,100,"79,322","38,044",22.94,"2,829,090",59.32,41.34,
70,현대건설,"71,200","상승3,700",+5.48%,"5,000","79,285","111,356",24.73,"2,094,151",-39.29,-2.09,
71,HD현대미포,"198,300",상승400,+0.20%,"5,000","79,205","39,942",21.85,"264,293",51.88,5.25,
72,한국금융지주,"142,000","상승2,700",+1.94%,"5,000","79,131","55,726",37.62,"148,780",7.56,11.54,
73,한진칼,"117,400","상승8,500",+7.81%,"2,500","78,379","66,762",20.89,"181,510",17.21,16.75,
74,코웨이,"107,900",하락400,-0.37%,500,"77,590","71,909",60.38,"66,870",13.76,19.38,
75,아모레퍼시픽,"128,800","상승1,600",+1.26%,500,"75,339","58,493",23.52,"281,341",14.22,11.69,
76,S-Oil,"62,400","상승1,600",+2.63%,"2,500","70,252","112,583",74.32,"248,319",-18.02,-2.18,
77,KODEX 머니마켓액티브,"103,475",상승5,0.00%,0,"68,892","66,578",0.00,"402,510",N/A,N/A,
78,KODEX 200,"43,180",하락25,-0.06%,0,"68,354","158,300",33.12,"4,846,346",N/A,N/A,
79,한화,"91,000","상승1,000",+1.11%,"5,000","68,212","74,959",16.39,"210,551",8.70,7.19,
80,LG씨엔에스,"67,500","하락2,800",-3.98%,500,"65,398","96,886",3.85,"2,164,714",14.68,18.32,
81,LG유플러스,"14,680",하락70,-0.47%,"5,000","64,095","436,611",38.19,"751,162",15.67,4.40,
82,NH투자증권,"19,570",하락70,-0.36%,"5,000","63,424","324,086",15.97,"504,840",10.13,8.73,
83,삼성증권,"70,800",상승700,+1.00%,"5,000","63,224","89,300",29.00,"196,125",7.07,12.89,
84,삼성카드,"50,400",상승200,+0.40%,"5,000","58,393","115,859",6.05,"50,362",8.70,8.00,
85,현대차2우B,"164,500",상승100,+0.06%,"5,000","57,516","34,964",59.61,"47,300",3.59,N/A,
86,맥쿼리인프라,"11,600",상승30,+0.26%,0,"55,555","478,922",9.13,"394,563",N/A,N/A,
87,LS,"170,200",상승900,+0.53%,"5,000","54,804","32,200",15.63,"96,722",19.29,5.09,
88,LG디스플레이,"10,950",상승170,+1.58%,"5,000","54,750","500,000",22.81,"1,658,777",-2.68,-37.21,
89,키움증권,"209,000","상승3,500",+1.70%,"5,000","54,603","26,126",27.39,"72,824",7.17,15.98,
90,한국타이어앤테크놀로지,"44,050",보합0,0.00%,500,"54,567","123,875",35.42,"158,824",5.06,10.79,
91,두산밥캣,"56,300",상승200,+0.36%,500,"53,967","95,856",34.17,"217,839",12.22,8.77,
92,TIGER 미국나스닥100,"142,255",하락950,-0.66%,0,"53,915","37,900",0.02,"320,349",N/A,N/A,
93,한화솔루션,"30,600",상승450,+1.49%,"5,000","52,599","171,893",10.76,"1,434,900",-5.39,-15.99,
94,삼성E&A,"26,550",상승800,+3.11%,"5,000","52,038","196,000",45.61,"1,063,743",6.98,19.65,
95,넷마블,"58,800",상승300,+0.51%,100,"50,541","85,954",27.53,"310,394",49.70,0.49,
96,KODEX 미국S&P500,"20,030",하락35,-0.17%,0,"48,633","242,800",0.17,"8,624,367",N/A,N/A,
97,TIGER CD금리투자KIS(합성),"56,380",상승10,+0.02%,0,"47,991","85,120",0.02,"324,054",N/A,N/A,
98,이수페타시스,"64,900","하락1,400",-2.11%,"1,000","47,643","73,409",23.60,"685,365",45.42,24.92,
99,LG생활건강,"297,000","상승2,500",+0.85%,"5,000","46,386","15,618",27.13,"48,697",29.11,3.44,
100,BNK금융지주,"14,520",상승110,+0.76%,"5,000","46,229","318,384",39.93,"602,462",7.22,6.96,
101,GS,"48,350",상승850,+1.79%,"5,000","44,925","92,915",15.97,"124,618",11.11,4.12,
102,현대제철,"33,600",상승950,+2.91%,"5,000","44,838","133,446",19.30,"599,883",-45.59,-0.06,
103,CJ,"152,700","상승8,700",+6.04%,"5,000","44,553","29,177",11.96,"272,274",54.83,1.83,
104,JB금융지주,"22,600",상승250,+1.12%,"5,000","43,823","193,908",34.51,"257,127",6.60,12.80,
105,오리온,"110,800","상승1,100",+1.00%,500,"43,806","39,536",30.97,"87,584",8.19,16.57,
106,엔씨소프트,"195,900",상승500,+0.26%,500,"42,205","21,544",32.52,"36,922",57.48,2.99,
107,대한조선,"107,700","상승3,900",+3.76%,"5,000","41,493","38,526",1.32,"3,420,817",8.65,55.26,
108,현대오토에버,"149,600",보합0,0.00%,500,"41,026","27,424",3.04,"29,109",24.87,10.40,
109,강원랜드,"18,880",상승110,+0.59%,500,"40,392","213,940",14.61,"394,696",9.21,12.09,
110,KODEX KOFR금리액티브(합성),"110,690",상승5,0.00%,0,"39,890","36,038",0.00,"365,668",N/A,N/A,
111,두산로보틱스,"61,400",상승200,+0.33%,500,"39,799","64,820",2.46,"112,074",-92.33,-8.69,
112,산일전기,"130,100","상승2,800",+2.20%,500,"39,609","30,445",10.97,"447,959",40.48,29.88,
113,한국가스공사,"42,500","상승1,550",+3.79%,"5,000","39,233","92,313",10.17,"552,789",3.54,11.21,
114,현대차우,"161,600","상승1,100",+0.69%,"5,000","37,719","23,341",57.66,"45,524",3.52,N/A,
115,CJ제일제당,"249,500","상승4,000",+1.63%,"5,000","37,560","15,054",20.56,"59,228",55.31,1.97,
116,SKC,"98,800",상승200,+0.20%,"5,000","37,414","37,868",14.39,"102,811",-7.17,-34.34,
117,LG이노텍,"156,800",상승100,+0.06%,"5,000","37,110","23,667",23.46,"93,743",9.36,8.92,
118,한전기술,"96,300","상승6,200",+6.88%,200,"36,806","38,220",11.08,"964,532",31.79,10.40,
119,풍산,"131,000","하락3,400",-2.53%,"5,000","36,712","28,024",23.40,"534,728",15.25,11.33,
120,에코프로머티,"52,200","하락2,300",-4.22%,500,"36,505","69,932",21.93,"2,057,863",-87.00,-5.56,
121,포스코DX,"24,000",상승500,+2.13%,500,"36,488","152,035",3.09,"253,794",43.48,17.92,
122,한미약품,"283,500","상승1,000",+0.35%,"2,500","36,319","12,811",12.17,"56,766",33.35,11.89,
123,KODEX 종합채권(AA-이상)액티브,"119,185",하락25,-0.02%,0,"36,011","30,214",0.00,"43,375",N/A,N/A,
124,SK바이오사이언스,"45,900",하락300,-0.65%,500,"35,971","78,369",6.25,"74,126",-74.76,-3.07,
125,KCC,"393,000","하락5,000",-1.26%,"5,000","34,924","8,886",9.70,"18,051",-29.71,6.08,
126,TIGER 미국테크TOP10 INDXX,"26,075",하락165,-0.63%,0,"32,985","126,500",0.16,"1,464,500",N/A,N/A,
127,현대엘리베이터,"81,700",상승900,+1.11%,"5,000","31,938","39,092",25.72,"173,832",15.28,14.42,
128,HD현대인프라코어,"16,240",하락310,-1.87%,"1,000","31,277","192,591",16.05,"2,144,246",39.32,5.92,
129,한화엔진,"37,350","하락1,350",-3.49%,"1,000","31,168","83,447",17.41,"1,084,301",37.24,25.64,
130,대한전선,"16,420",하락30,-0.18%,"1,000","30,615","186,447",7.56,"950,947",39.19,5.85,
131,금호석유화학,"113,300","상승1,700",+1.52%,"5,000","29,979","26,460",18.02,"128,495",9.31,5.88,
132,한미사이언스,"43,700",상승200,+0.46%,500,"29,887","68,392",1.94,"255,727",56.68,7.30,
133,한화생명,"3,395",상승35,+1.04%,"5,000","29,487","868,530",10.52,"1,243,250",4.36,6.98,
134,서울보증보험,"41,800","상승1,100",+2.70%,"2,500","29,185","69,822",0.90,"72,384",13.70,4.12,
135,코스맥스,"257,000","상승3,500",+1.38%,500,"29,168","11,350",36.85,"110,099",39.05,20.53,
136,동서,"29,250",상승250,+0.86%,500,"29,162","99,700",4.25,"42,768",19.63,9.52,
137,롯데지주,"27,750",상승450,+1.65%,200,"29,112","104,909",8.57,"199,739",-2.70,-15.56,
138,TIGER 200,"43,205",하락35,-0.08%,0,"28,947","67,000",10.66,"1,126,361",N/A,N/A,
139,KODEX 미국나스닥100,"21,370",하락135,-0.63%,0,"28,871","135,100",0.07,"1,010,881",N/A,N/A,
140,한화비전,"57,000","하락1,600",-2.73%,500,"28,778","50,488",23.57,"429,906",89.76,N/A,
141,TIGER KOFR금리액티브(합성),"109,410",상승5,0.00%,0,"28,660","26,195",0.00,"51,156",N/A,N/A,
142,KODEX 200TR,"15,460",하락15,-0.10%,0,"28,245","182,700",0.00,"239,765",N/A,N/A,
143,에스원,"72,900","하락1,000",-1.35%,500,"27,701","37,999",56.01,"37,015",15.55,10.85,
144,롯데케미칼,"64,400",상승400,+0.63%,"5,000","27,547","42,775",20.94,"67,798",-1.52,-11.44,
145,KODEX 레버리지,"24,825",하락55,-0.22%,0,"27,432","110,500",0.66,"17,117,934",N/A,N/A,
146,달바글로벌,"217,500","상승9,000",+4.32%,100,"26,723","12,286",9.89,"483,767",152.42,26.21,
147,영원무역,"59,300","상승1,400",+2.42%,500,"26,277","44,311",29.79,"18,565",6.10,12.32,
148,엘앤에프,"72,000",상승600,+0.84%,500,"26,148","36,316",15.83,"584,092",-6.93,-41.74,
149,HD현대마린엔진,"76,400","상승2,500",+3.38%,"2,500","25,916","33,921",12.77,"390,826",29.62,28.34,
150,시프트업,"43,850",상승850,+1.98%,200,"25,776","58,782",37.36,"98,660",16.14,31.30,
151,F&F,"65,700",상승600,+0.92%,100,"25,168","38,307",11.07,"102,383",7.24,25.27,
152,이마트,"89,100",상승400,+0.45%,"5,000","24,588","27,596",24.73,"105,767",-4.54,-5.40,
153,TIGER 미국필라델피아반도체나스닥,"20,300",하락325,-1.58%,0,"24,573","121,050",0.49,"957,119",N/A,N/A,
154,현대해상,"26,900",상승350,+1.32%,500,"24,049","89,400",34.63,"163,013",3.53,15.75,
155,SK가스,"260,000","하락1,000",-0.38%,"5,000","24,038","9,245",7.32,"12,197",9.75,6.74,
156,한전KPS,"52,900","상승1,800",+3.52%,200,"23,805","45,000",12.36,"477,578",16.99,13.26,
157,RISE 머니마켓액티브,"54,515",상승5,+0.01%,0,"23,483","43,076",0.93,"338,748",N/A,N/A,
158,한국콜마,"99,400","상승2,700",+2.79%,500,"23,463","23,605",41.97,"278,642",24.19,12.50,
159,농심,"384,500","상승2,500",+0.65%,"5,000","23,388","6,083",18.26,"22,508",14.97,6.17,
160,아모레퍼시픽홀딩스,"29,150",상승250,+0.87%,500,"23,162","79,458",11.06,"152,286",10.36,7.57,
161,ACE 미국30년국채액티브(H),"7,765",하락10,-0.13%,0,"23,062","297,000",0.01,"1,411,332",N/A,N/A,
162,제일기획,"19,840",하락40,-0.20%,200,"22,824","115,041",23.29,"167,133",11.82,15.12,
163,한온시스템,"3,360",상승45,+1.36%,100,"22,806","678,763",5.17,"725,692",-4.87,-13.90,
164,한국앤컴퍼니,"23,950",상승50,+0.21%,500,"22,737","94,935",9.99,"49,016",6.46,8.28,
165,iM금융지주,"13,930",상승50,+0.36%,"5,000","22,574","162,055",44.86,"571,305",9.13,3.60,
166,KODEX CD1년금리플러스액티브(합성),"1,022,310",상승55,+0.01%,0,"22,448","2,196",0.00,"5,467",N/A,N/A,
167,미스토홀딩스,"37,100",상승550,+1.50%,"1,000","22,296","60,096",38.34,"92,942",23.74,4.30,
168,팬오션,"4,150",보합0,0.00%,"1,000","22,185","534,570",15.90,"779,347",7.93,5.17,
169,ACE 미국S&P500,"22,040",하락50,-0.23%,0,"21,996","99,800",0.10,"658,582",N/A,N/A,
170,TIGER 미국배당다우존스,"11,855",상승75,+0.64%,0,"21,410","180,600",0.08,"764,066",N/A,N/A,
171,신영증권,"128,900","상승1,100",+0.86%,"5,000","21,191","16,440",6.89,"10,569",19.51,6.45,
172,BGF리테일,"121,000","상승3,300",+2.80%,"1,000","20,914","17,284",28.47,"72,463",11.29,17.29,
173,더존비즈온,"68,200","하락1,400",-2.01%,500,"20,721","30,383",10.95,"199,654",38.57,12.17,
174,코리안리,"10,620",보합0,0.00%,500,"20,690","194,821",26.62,"209,110",5.85,9.45,
175,롯데쇼핑,"72,500","상승1,200",+1.68%,"5,000","20,509","28,289",9.39,"49,114",-1.99,-7.75,
176,일진전기,"42,750",상승350,+0.83%,"1,000","20,386","47,685",10.45,"325,853",36.11,10.60,
177,TIGER 머니마켓액티브,"100,905",상승10,+0.01%,0,"20,153","19,972",2.00,"127,603",N/A,N/A,
178,CJ대한통운,"88,200","상승1,900",+2.20%,"5,000","20,120","22,812",14.37,"51,142",8.56,6.58,
179,SK아이이테크놀로지,"28,150","상승1,100",+4.07%,"1,000","20,070","71,298",6.78,"289,836",-9.75,-10.41,
180,DB하이텍,"45,000",하락950,-2.07%,"5,000","19,979","44,399",27.96,"120,666",8.65,12.44,
181,씨에스윈드,"47,200",상승900,+1.94%,500,"19,905","42,171",12.56,"212,469",7.21,13.92,
182,동원산업,"45,000",상승100,+0.22%,"1,000","19,867","44,148",5.01,"28,256",25.14,2.74,
183,SNT다이내믹스,"59,400",상승700,+1.19%,"2,500","19,752","33,253",8.23,"107,740",19.55,12.90,
184,아시아나항공,"9,540",상승110,+1.17%,"5,000","19,652","205,991",2.79,"112,113",-8.67,-53.21,
185,한솔케미칼,"173,300","하락1,800",-1.03%,"5,000","19,644","11,335",34.53,"40,627",15.43,13.48,
186,KODEX 코스닥150레버리지,"8,920",상승135,+1.54%,0,"19,526","218,900",0.75,"22,690,617",N/A,N/A,
187,호텔신라,"49,250","상승2,250",+4.79%,"5,000","19,330","39,248",11.71,"653,519",-29.81,-6.50,
188,DL이앤씨,"47,900","상승1,750",+3.79%,"5,000","18,534","38,694",28.26,"408,052",8.81,4.77,
189,영원무역홀딩스,"135,200","상승3,000",+2.27%,500,"18,251","13,499",21.03,"8,389",5.56,13.17,
190,OCI홀딩스,"96,300","하락1,000",-1.03%,"5,000","18,119","18,815",17.39,"123,963",-23.40,2.54,
191,파라다이스,"18,850",상승530,+2.89%,500,"17,240","91,461",11.12,"1,127,463",21.42,4.97,
192,HD현대건설기계,"97,400","하락2,200",-2.21%,"5,000","17,203","17,662",18.17,"71,849",21.92,6.18,
193,TIGER 25-10 회사채(A+이상)액티브,"55,255",상승10,+0.02%,0,"17,117","30,978",0.20,"67,588",N/A,N/A,
194,신세계,"176,900","상승5,600",+3.27%,"5,000","17,062","9,645",12.87,"44,122",27.85,2.54,
195,현대백화점,"74,000","상승4,900",+7.09%,"5,000","16,745","22,629",23.80,"194,442",-47.04,-0.81,
196,GS건설,"19,540",상승140,+0.72%,"5,000","16,723","85,581",22.53,"302,093",12.03,5.63,
197,ACE 미국나스닥100,"24,460",하락160,-0.65%,0,"16,633","68,000",0.00,"432,497",N/A,N/A,
198,RISE 종합채권(A-이상)액티브,"110,675",상승25,+0.02%,0,"16,368","14,789",0.00,"2,697",N/A,N/A,
199,한국카본,"31,250",보합0,0.00%,500,"16,221","51,908",12.76,"429,051",38.49,4.38,
200,HL만도,"34,400",하락250,-0.72%,"1,000","16,153","46,957",23.74,"180,348",88.66,5.47,
201,녹십자,"137,100","하락1,100",-0.80%,"5,000","16,022","11,687",21.47,"63,205",55.78,-2.06,
202,오뚜기,"399,500","상승3,500",+0.88%,"5,000","16,011","4,008",11.82,"5,786",13.08,6.86,
203,대우건설,"3,840",상승75,+1.99%,"5,000","15,960","415,623",11.34,"933,686",7.92,5.62,
204,대웅제약,"136,400","하락3,600",-2.57%,"2,500","15,804","11,587",9.12,"94,865",41.07,3.17,
205,HDC현대산업개발,"23,850",상승150,+0.63%,"5,000","15,719","65,907",15.34,"374,024",8.76,5.09,
206,두산우,"393,000","하락3,000",-0.76%,"5,000","15,706","3,996",2.58,"18,313",-40.56,N/A,
207,TIGER MSCI Korea TR,"18,010",하락65,-0.36%,0,"15,705","87,200",0.00,"6,221",N/A,N/A,
208,KODEX 단기채권PLUS,"115,150",상승10,+0.01%,0,"15,703","13,637",0.01,"35,806",N/A,N/A,
209,두산퓨얼셀,"23,650",상승950,+4.19%,100,"15,489","65,494",10.44,"661,270",-94.98,N/A,
210,이수스페셜티케미컬,"51,100","상승4,900",+10.61%,"1,000","15,436","30,208",5.84,"1,971,283",106.24,9.70,
211,KODEX 200선물인버스2X,"1,307",상승1,+0.08%,0,"15,382","1,176,900",0.94,"327,904,220",N/A,N/A,
212,TIGER 차이나전기차SOLACTIVE,"9,460",상승10,+0.11%,0,"15,352","162,280",0.29,"549,328",N/A,N/A,
213,에스엘,"32,900",상승300,+0.92%,500,"15,282","46,449",15.03,"90,263",4.34,17.42,
214,다우기술,"33,700",상승150,+0.45%,500,"15,120","44,867",25.29,"53,507",4.26,13.16,
215,DN오토모티브,"25,800",하락600,-2.27%,100,"15,096","58,511",3.58,"141,324",4.92,19.78,
216,RISE 200,"43,520",하락45,-0.10%,0,"15,036","34,550",0.03,"626,516",N/A,N/A,
217,엠앤씨솔루션,"163,300","하락5,600",-3.32%,100,"14,948","9,154",6.42,"44,948",48.60,21.82,
218,PLUS 고배당주,"19,530",상승170,+0.88%,0,"14,923","76,410",0.35,"1,387,687",N/A,N/A,
219,한일시멘트,"21,300",상승100,+0.47%,500,"14,753","69,262",4.54,"119,934",10.52,11.13,
220,한올바이오파마,"27,700",상승400,+1.47%,500,"14,471","52,241",5.09,"183,738",-865.62,-1.02,
221,효성,"86,300","상승1,800",+2.13%,"5,000","14,447","16,740",12.67,"33,824",2.97,19.62,
222,SK리츠,"4,915",상승15,+0.31%,500,"14,296","290,869",7.03,"211,949","1,228.75",0.08,
223,롯데관광개발,"17,890",하락460,-2.51%,500,"14,230","79,539",13.16,"1,133,253",-13.39,-60.42,
224,HDC,"23,700",상승300,+1.28%,"5,000","14,159","59,742",20.45,"755,894",7.35,5.65,
225,KODEX 삼성그룹,"10,070",상승5,+0.05%,0,"14,158","140,600",13.17,"479,330",N/A,N/A,
226,하이트진로,"20,050",상승190,+0.96%,"5,000","14,062","70,134",9.07,"100,088",13.28,8.63,
227,동양생명,"8,510",상승20,+0.24%,"5,000","13,732","161,359",81.37,"170,718",4.94,12.91,
228,금호타이어,"4,780",상승55,+1.16%,"5,000","13,731","287,260",7.29,"535,827",4.11,21.77,
229,현대지에프홀딩스,"8,760",상승410,+4.91%,500,"13,657","155,904",5.55,"267,661",1.67,23.02,
230,롯데에너지머티리얼즈,"25,950",상승50,+0.19%,500,"13,589","52,365",7.74,"110,876",-30.78,0.46,
231,GS리테일,"16,230",상승150,+0.93%,"1,000","13,569","83,607",8.96,"153,175",-60.11,0.07,
232,경동나비엔,"92,600",하락300,-0.32%,"1,000","13,491","14,569",10.48,"45,602",10.33,19.43,
233,코스모신소재,"41,450",상승50,+0.12%,"1,000","13,476","32,511",8.41,"502,050",90.11,3.62,
234,현대위아,"49,550",상승600,+1.23%,"5,000","13,475","27,195",14.92,"45,860",7.46,3.45,
235,ACE KRX금현물,"21,205",상승65,+0.31%,0,"13,296","62,700",0.66,"806,031",N/A,N/A,
236,TIGER 미국30년국채커버드콜액티브(H),"7,985",상승10,+0.13%,0,"13,283","166,350",0.03,"1,057,142",N/A,N/A,
237,TIGER 25-12 금융채(AA-이상),"51,470",보합0,0.00%,0,"13,158","25,564",0.00,321,N/A,N/A,
238,오리온홀딩스,"20,950",보합0,0.00%,500,"13,124","62,645",10.37,"83,002",8.60,7.03,
239,대웅,"22,250",상승50,+0.23%,500,"12,937","58,142",5.72,"86,018",20.54,5.99,
240,메리츠 KIS CD금리투자 ETN,"54,135",상승5,+0.01%,0,"12,911","23,850",0.00,"42,607",N/A,N/A,
241,미래에셋생명,"7,270",상승130,+1.82%,"5,000","12,869","177,016",1.26,"107,260",12.28,4.88,
242,SOL 조선TOP3플러스,"30,270",하락160,-0.53%,0,"12,759","42,150",0.39,"4,018,999",N/A,N/A,
243,SK오션플랜트,"21,150","하락1,000",-4.51%,500,"12,728","60,180",5.23,"708,799",75.00,2.34,
244,대신증권,"24,850",상승200,+0.81%,"5,000","12,617","50,773",9.67,"84,920",13.45,4.57,
245,LS에코에너지,"40,800",하락550,-1.33%,500,"12,495","30,625",4.76,"283,752",35.45,19.00,
246,KODEX 코스닥150,"13,395",상승85,+0.64%,0,"12,471","93,100",0.95,"3,295,610",N/A,N/A,
247,에스디바이오센서,"10,190",상승160,+1.60%,500,"12,406","121,749",6.33,"213,334",-11.95,-3.43,
248,PLUS K방산,"54,400",하락850,-1.54%,0,"12,349","22,700",0.71,"1,628,984",N/A,N/A,
249,한화투자증권,"5,680",상승40,+0.71%,"5,000","12,186","214,548",9.62,"625,746","-1,893.33",2.37,
250,롯데칠성,"129,300","하락2,600",-1.97%,500,"11,998","9,279",14.67,"32,061",26.78,3.99,
251,더블유게임즈,"55,400",상승100,+0.18%,500,"11,909","21,496",18.27,"31,697",6.83,18.69,
252,SK케미칼,"69,000","상승2,300",+3.45%,"5,000","11,905","17,254",11.07,"75,754",40.61,0.41,
253,LG화학우,"153,000","상승2,000",+1.32%,"5,000","11,764","7,689",39.96,"45,800",-12.81,N/A,
254,미래에셋증권2우B,"8,480",상승320,+3.92%,"5,000","11,660","137,500",15.82,"582,100",6.22,N/A,
255,LX인터내셔널,"30,000",상승400,+1.35%,"5,000","11,628","38,760",20.84,"113,041",5.95,7.12,
256,종근당,"82,500",하락700,-0.84%,"2,500","11,387","13,803",13.98,"26,069",11.95,12.76,
257,롯데리츠,"3,930",상승50,+1.29%,500,"11,356","288,969",7.70,"396,838",46.24,0.95,
258,쿠쿠홀딩스,"31,750",상승550,+1.76%,100,"11,291","35,562",12.12,"18,127",8.20,12.08,
259,KODEX 2차전지산업,"12,595",상승95,+0.76%,0,"11,285","89,600",0.23,"5,302,994",N/A,N/A,
260,대덕전자,"22,800",하락50,-0.22%,500,"11,267","49,417",8.60,"561,800",73.08,2.73,
261,롯데렌탈,"30,900",보합0,0.00%,"5,000","11,220","36,309",6.68,"15,267",9.40,7.51,
262,롯데웰푸드,"119,900","상승2,900",+2.48%,500,"11,156","9,305",12.63,"21,117",13.04,4.04,
263,태광산업,"996,000","상승6,000",+0.61%,"5,000","11,089","1,113",4.12,879,4.42,5.45,
264,RISE 미국S&P500,"19,065",하락45,-0.24%,0,"11,077","58,100",0.00,"175,360",N/A,N/A,
265,가온전선,"66,800","상승1,900",+2.93%,"5,000","11,051","16,543",1.86,"56,575",20.01,6.46,
266,TIGER TOP10,"12,960",하락175,-1.33%,0,"11,035","85,150",30.83,"255,313",N/A,N/A,
267,RISE 미국나스닥100,"23,705",하락155,-0.65%,0,"10,999","46,400",0.01,"114,864",N/A,N/A,
268,코오롱인더,"39,950",상승350,+0.88%,"5,000","10,994","27,519",13.41,"152,366",12.48,3.06,
269,세아베스틸지주,"30,500","상승1,400",+4.81%,"5,000","10,938","35,862",7.60,"149,362",107.02,1.04,
270,ESR켄달스퀘어리츠,"4,410",하락70,-1.56%,"1,000","10,853","246,089",39.34,"242,882",57.27,0.33,
271,롯데정밀화학,"41,850",상승150,+0.36%,"5,000","10,797","25,800",17.08,"46,078",-57.88,1.53,
272,한샘,"45,700",상승150,+0.33%,"1,000","10,755","23,534",13.25,"32,820",9.58,43.59,
273,삼성화재우,"342,000","상승5,500",+1.63%,500,"10,600","3,100",29.10,"9,578",8.73,N/A,
274,RISE CD금리액티브(합성),"104,420",상승15,+0.01%,0,"10,523","10,078",0.00,"3,702",N/A,N/A,
275,SNT에너지,"50,800",하락300,-0.59%,500,"10,506","20,681",8.76,"97,786",30.29,11.90,
276,1Q 머니마켓액티브,"52,510",보합0,0.00%,0,"10,466","19,932",0.00,"30,990",N/A,N/A,
277,RISE 단기특수은행채액티브,"50,175",보합0,0.00%,0,"10,454","20,836",0.00,"2,360",N/A,N/A,
278,TIGER 차이나항셍테크,"8,435",상승10,+0.12%,0,"10,392","123,200",0.23,"1,586,635",N/A,N/A,
279,STX엔진,"25,850",보합0,0.00%,"2,500","10,378","40,148",2.50,"361,866",20.37,10.15,
280,지역난방공사,"89,300","상승4,200",+4.94%,"5,000","10,340","11,579",5.17,"38,546",3.43,9.65,
281,SK디스커버리,"55,900",상승500,+0.90%,"5,000","10,256","18,348",14.50,"16,073",13.85,0.88,
282,TIGER 종합채권(AA-이상)액티브,"57,090",하락45,-0.08%,0,"10,235","17,928",0.00,"24,571",N/A,N/A,
283,효성티앤씨,"232,500","상승4,000",+1.75%,"5,000","10,062","4,328",15.94,"9,913",9.19,9.84,
284,SK네트웍스,"4,540",상승85,+1.91%,"2,500","10,046","221,278",14.53,"199,275",28.92,2.29,
285,KB발해인프라,"8,180",하락10,-0.12%,0,"10,024","122,546",0.32,"21,200",N/A,N/A,
286,GKL,"16,150",상승390,+2.47%,500,"9,990","61,856",15.92,"411,884",25.63,8.01,
287,KODEX 25-12 은행채(AAA)액티브,"103,195",상승5,0.00%,0,"9,970","9,661",0.00,585,N/A,N/A,
288,교보증권,"8,730",상승50,+0.58%,"5,000","9,949","113,963",1.83,"50,616",7.24,6.09,
289,하나 CD금리투자 ETN,"104,525",상승5,0.00%,0,"9,930","9,500",0.00,"15,308",N/A,N/A,
290,DL,"47,250","상승1,950",+4.30%,"5,000","9,902","20,956",13.04,"127,189",24.73,2.25,
291,KIWOOM 200TR,"56,100",하락80,-0.14%,0,"9,818","17,500",0.01,"75,475",N/A,N/A,
292,TIGER 미국배당다우존스타겟커버드콜2호,"9,450",상승65,+0.69%,0,"9,752","103,200",0.01,"360,566",N/A,N/A,
293,SOL 종합채권(AA-이상)액티브,"115,680",하락10,-0.01%,0,"9,684","8,371",0.00,128,N/A,N/A,
294,TIGER 2차전지테마,"15,770",상승170,+1.09%,0,"9,643","61,150",0.73,"1,527,149",N/A,N/A,
295,NHN,"28,550",하락750,-2.56%,500,"9,640","33,766",10.38,"221,563",-7.25,-8.60,
296,TIGER CD1년금리액티브(합성),"1,050,180",상승65,+0.01%,0,"9,621",916,0.00,"15,044",N/A,N/A,
297,HJ중공업,"11,430",상승990,+9.48%,"5,000","9,518","83,274",2.37,"10,576,299",-278.78,1.56,
298,TIGER 단기통안채,"111,000",상승5,0.00%,0,"9,377","8,448",1.40,"12,411",N/A,N/A,
299,NICE평가정보,"15,640",상승30,+0.19%,500,"9,307","59,507",32.70,"9,404",12.09,19.48,
300,GS피앤엘,"46,650","상승6,350",+15.76%,"1,000","9,251","19,831",10.99,"743,205",-81.41,N/A,
301,세방전지,"65,700","상승1,000",+1.55%,500,"9,198","14,000",24.60,"38,227",5.27,12.22,
302,SNT홀딩스,"55,900",하락500,-0.89%,500,"9,114","16,304",13.12,"9,977",6.33,12.40,
303,KODEX Top5PlusTR,"26,695",하락240,-0.89%,0,"8,996","33,700",14.84,"13,070",N/A,N/A,
304,SOL 초단기채권액티브,"53,475",보합0,0.00%,0,"8,955","16,746",0.01,"194,730",N/A,N/A,
305,LX세미콘,"55,000",상승500,+0.92%,500,"8,945","16,264",30.92,"21,139",6.59,12.69,
306,동원시스템즈,"30,600",상승100,+0.33%,"5,000","8,871","28,991",14.02,"11,239",13.25,9.01,
307,ACE 종합채권(AA-이상)KIS액티브,"109,225",상승5,0.00%,0,"8,840","8,093",0.00,"2,256",N/A,N/A,
308,ACE 테슬라밸류체인액티브,"14,835",하락115,-0.77%,0,"8,827","59,500",0.45,"1,197,804",N/A,N/A,
309,SNT모티브,"33,100",상승350,+1.07%,"5,000","8,785","26,540",18.57,"39,268",8.90,10.82,
310,프레스티지바이오파마,"14,530",하락80,-0.55%,0,"8,732","60,096",63.83,"77,741",40.03,-7.40,
311,율촌화학,"35,000",상승100,+0.29%,500,"8,680","24,800",6.19,"236,934",-40.89,-2.86,
312,TIGER 미국30년국채스트립액티브(합성 H),"38,615",하락15,-0.04%,0,"8,675","22,466",0.11,"190,606",N/A,N/A,
313,HS효성첨단소재,"190,800","상승1,800",+0.95%,"5,000","8,548","4,480",10.74,"6,958",26.68,5.46,
314,DI동일,"43,050",하락50,-0.12%,500,"8,488","19,716",6.64,"30,739",-309.71,0.28,
315,CJ CGV,"5,060",상승85,+1.71%,500,"8,378","165,581",4.59,"239,811",-4.67,-30.74,
316,세아제강지주,"200,000","상승5,800",+2.99%,"5,000","8,283","4,142",7.18,"5,134",17.87,2.25,
317,대상,"23,900",상승850,+3.69%,"1,000","8,281","34,648",18.90,"169,956",8.34,6.94,
318,SK이터닉스,"24,400",하락300,-1.21%,200,"8,236","33,754",2.72,"322,705",33.06,N/A,
319,하나투어,"52,800","하락1,000",-1.86%,500,"8,179","15,490",15.15,"446,242",11.77,47.19,
320,TIGER 미국나스닥100타겟데일리커버드콜,"9,870",하락55,-0.55%,0,"7,935","80,400",0.01,"537,434",N/A,N/A,
321,영풍,"41,450",상승950,+2.35%,500,"7,920","19,108",10.11,"15,091",19.11,-6.81,
322,파미셀,"13,180",하락250,-1.86%,500,"7,910","60,017",9.91,"514,187",49.00,7.59,
323,이노션,"19,750",상승150,+0.77%,500,"7,900","40,000",25.58,"29,006",9.12,10.48,
324,세진중공업,"13,890",하락170,-1.21%,500,"7,896","56,849",4.95,"1,088,555",36.27,6.16,
325,KODEX 200타겟위클리커버드콜,"11,270",상승15,+0.13%,0,"7,878","69,900",0.03,"1,762,753",N/A,N/A,
326,SOL 미국배당다우존스,"10,865",상승50,+0.46%,0,"7,866","72,400",0.01,"267,277",N/A,N/A,
327,KODEX 26-12 회사채(AA-이상)액티브,"10,855",보합0,0.00%,0,"7,759","71,480",0.12,"110,062",N/A,N/A,
328,KODEX 인버스,"3,485",보합0,0.00%,0,"7,719","221,500",1.62,"27,871,700",N/A,N/A,
329,PLUS 200,"43,915",하락45,-0.10%,0,"7,707","17,550",2.90,"174,493",N/A,N/A,
330,KODEX 미국S&P500(H),"14,450",하락55,-0.38%,0,"7,637","52,850",0.31,"276,117",N/A,N/A,
331,솔루엠,"15,970",상승20,+0.13%,500,"7,636","47,816",18.42,"122,463",26.09,9.48,
332,한화3우B,"39,350",상승550,+1.42%,"5,000","7,636","19,404",23.85,"55,250",3.76,N/A,
333,미원상사,"160,000","하락2,200",-1.36%,500,"7,600","4,750",3.04,"2,742",13.79,12.99,
334,TIGER 단기채권액티브,"56,010",보합0,0.00%,0,"7,592","13,554",0.00,"19,247",N/A,N/A,
335,N2 KIS CD금리투자 ETN,"54,130",보합0,0.00%,0,"7,578","14,000",0.00,0,N/A,N/A,
336,케이카,"15,720",상승90,+0.58%,500,"7,574","48,182",9.88,"74,631",16.24,19.09,
337,KODEX 25-11 은행채(AA-이상)PLUS액티브,"10,605",보합0,0.00%,0,"7,567","71,350",0.07,"31,262",N/A,N/A,
338,삼양홀딩스,"86,200","상승2,400",+2.86%,"5,000","7,514","8,717",8.06,"13,374",30.29,1.38,
339,빙그레,"78,200",상승100,+0.13%,"5,000","7,473","9,556",19.12,"21,561",7.98,15.14,
340,동아쏘시오홀딩스,"114,100","상승4,500",+4.11%,"5,000","7,458","6,536",13.65,"11,543",10.96,5.63,
341,TKG휴켐스,"18,220",상승30,+0.16%,"1,000","7,448","40,879",8.73,"69,617",12.07,9.09,
342,녹십자홀딩스,"15,740",상승190,+1.22%,500,"7,402","47,028",10.47,"32,420",11.51,2.43,
343,KODEX 미국AI전력핵심인프라,"17,430",하락250,-1.41%,0,"7,321","42,000",0.02,"2,817,075",N/A,N/A,
344,유안타증권,"3,645",상승50,+1.39%,"5,000","7,275","199,597",64.94,"261,121",16.13,4.52,
345,한화리츠,"4,030",상승30,+0.75%,500,"7,238","179,600",0.48,"149,401",58.41,2.06,
346,보령,"8,370",상승50,+0.60%,500,"7,180","85,787",6.39,"81,302",13.57,10.45,
347,F&F홀딩스,"18,310",상승500,+2.81%,500,"7,162","39,114",0.30,"45,123",6.97,4.92,
348,미원에스씨,"142,800",상승800,+0.56%,500,"7,140","5,000",0.49,428,12.47,14.00,
349,ACE 미국빅테크TOP7 Plus,"19,065",하락105,-0.55%,0,"7,140","37,450",0.01,"748,135",N/A,N/A,
350,전진건설로봇,"48,800",상승900,+1.88%,500,"7,121","14,593",0.28,"43,686",23.64,24.55,
351,TIGER 리츠부동산인프라,"4,260",상승5,+0.12%,0,"7,121","167,150",0.09,"1,004,586",N/A,N/A,
352,KODEX MSCI Korea TR,"14,325",하락55,-0.38%,0,"7,091","49,500",1.31,"2,966",N/A,N/A,
353,덴티움,"63,900",상승900,+1.43%,500,"7,073","11,069",14.29,"24,459",10.31,14.27,
354,TIGER Fn반도체TOP10,"11,655",하락85,-0.72%,0,"7,045","60,450",0.56,"1,052,822",N/A,N/A,
355,한화손해보험,"6,020",상승70,+1.18%,"5,000","7,028","116,739",14.78,"217,604",2.58,10.36,
356,KODEX 미국30년국채타겟커버드콜(합성 H),"8,700",보합0,0.00%,0,"6,930","79,650",0.10,"893,824",N/A,N/A,
357,아세아,"330,500","상승1,500",+0.46%,"5,000","6,888","2,084",7.84,"1,538",13.17,5.58,
358,KODEX 반도체,"36,235",하락185,-0.51%,0,"6,848","18,900",0.64,"344,141",N/A,N/A,
359,KG모빌리티,"3,370",상승40,+1.20%,"1,000","6,820","202,375",23.02,"197,652",-38.74,2.70,
360,KODEX 미국빅테크10(H),"52,270",하락585,-1.11%,0,"6,774","12,960",0.02,"116,192",N/A,N/A,
361,TIMEFOLIO 글로벌AI인공지능액티브,"31,985",하락75,-0.23%,0,"6,762","21,140",0.07,"336,546",N/A,N/A,
362,신한알파리츠,"5,580",상승30,+0.54%,"1,000","6,748","120,940",10.42,"161,477",66.43,1.65,
363,현대홈쇼핑,"56,000","상승1,000",+1.82%,"5,000","6,720","12,000",14.25,"8,775",8.07,7.43,
364,TIGER 은행고배당플러스TOP10,"19,360",상승190,+0.99%,0,"6,679","34,500",0.65,"1,162,161",N/A,N/A,
365,LG전자우,"38,850",상승450,+1.17%,"5,000","6,677","17,186",44.46,"47,648",10.16,N/A,
366,쿠쿠홈시스,"29,700",상승550,+1.89%,100,"6,664","22,437",7.18,"34,999",5.48,14.00,
367,코스모화학,"17,300",상승520,+3.10%,"1,000","6,645","38,408",6.71,"390,816",-11.08,-24.71,
368,KODEX 미국30년국채액티브(H),"9,005",하락15,-0.17%,0,"6,613","73,440",0.04,"832,297",N/A,N/A,
369,한국단자,"64,600",상승300,+0.47%,500,"6,534","10,115",23.27,"8,445",4.97,14.16,
370,대한유화,"99,800","상승1,900",+1.94%,"5,000","6,487","6,500",7.91,"28,290",631.65,-0.47,
371,키움 CD금리투자 ETN,"104,205",보합0,0.00%,0,"6,482","6,220",0.00,0,N/A,N/A,
372,신풍제약,"12,210",상승220,+1.83%,500,"6,469","52,985",4.89,"81,951",-47.88,-5.85,
373,태영건설,"2,190",상승40,+1.86%,500,"6,449","294,468",0.10,"259,857",39.82,61.93,
374,ACE 미국배당다우존스,"12,040",상승65,+0.54%,0,"6,417","53,300",0.01,"213,348",N/A,N/A,
375,풍산홀딩스,"44,250",하락200,-0.45%,"5,000","6,380","14,417",15.74,"32,283",6.27,9.41,
376,풀무원,"16,630",상승100,+0.60%,500,"6,339","38,121",0.51,"1,108,042",20.28,11.40,
377,금양,"9,900",보합0,0.00%,500,"6,333","63,967",5.58,0,-4.09,-40.88,
378,일진하이솔루스,"17,280",상승780,+4.73%,500,"6,275","36,313",3.89,"46,777",785.45,0.57,
379,KODEX 국고채30년액티브,"122,205",하락330,-0.27%,0,"6,273","5,133",0.01,"6,704",N/A,N/A,
380,LX홀딩스,"8,200",상승70,+0.86%,"1,000","6,255","76,281",12.59,"77,729",3.50,9.08,
381,일동제약,"20,050",상승300,+1.52%,"1,000","6,218","31,013",5.53,"354,897",-206.70,-2.77,
382,KIWOOM 국고채10년,"117,090",하락60,-0.05%,0,"6,195","5,291",0.01,"23,540",N/A,N/A,
383,카프로,"3,660",보합0,0.00%,500,"6,185","169,000",0.08,0,17.43,102.36,
384,케이씨텍,"29,850",하락500,-1.65%,500,"6,176","20,690",10.69,"83,709",12.75,11.28,
385,솔루스첨단소재,"8,760",상승120,+1.39%,100,"6,151","70,217",3.93,"440,495",-62.13,0.62,
386,아이에스동서,"20,150",상승260,+1.31%,500,"6,083","30,187",4.26,"15,049",-3.38,-10.19,
387,KODEX 단기채권,"113,820",상승5,0.00%,0,"6,072","5,335",0.01,"4,231",N/A,N/A,
388,KODEX 국고채3년,"62,970",하락20,-0.03%,0,"5,958","9,462",0.00,"16,559",N/A,N/A,
389,애경케미칼,"12,160",상승70,+0.58%,500,"5,916","48,649",0.00,"406,117",125.36,0.54,
390,한일홀딩스,"19,080",보합0,0.00%,"1,000","5,883","30,833",4.05,"10,129",6.29,7.56,
391,대한해운,"1,822",상승39,+2.19%,500,"5,880","322,747",5.23,"2,560,658",3.92,8.93,
392,한국쉘석유,"449,000","상승3,000",+0.67%,"5,000","5,837","1,300",59.79,"2,231",15.22,28.93,
393,현대그린푸드,"17,540",상승980,+5.92%,500,"5,812","33,136",14.16,"63,065",7.84,11.41,
394,신성통상,"4,040",하락10,-0.25%,500,"5,806","143,708",0.21,"29,106",8.90,16.24,
395,넥센타이어,"5,930",상승60,+1.02%,500,"5,792","97,668",6.48,"105,492",4.93,7.10,
396,코오롱,"45,800",상승350,+0.77%,"5,000","5,783","12,626",6.68,"144,210",4.01,12.49,
397,LF,"19,770",상승80,+0.41%,"5,000","5,781","29,240",12.99,"59,099",7.57,4.87,
398,KG스틸,"5,740",상승30,+0.53%,"5,000","5,741","100,009",6.45,"63,757",3.27,6.93,
399,YG PLUS,"9,010",상승110,+1.24%,500,"5,725","63,541",2.89,"2,893,350",70.94,0.73,
400,TIGER 200 IT,"32,200",하락335,-1.03%,0,"5,712","17,740",0.10,"28,181",N/A,N/A,
401,E1,"82,500","상승1,600",+1.98%,"5,000","5,660","6,860",6.40,"14,755",5.41,3.83,
402,삼천리,"138,800","상승2,100",+1.54%,"5,000","5,628","4,055",12.78,"14,824",5.13,6.55,
403,한국금융지주우,"95,300","상승4,000",+4.38%,"5,000","5,583","5,858",19.21,"25,082",5.07,N/A,
404,제주항공,"6,920",상승160,+2.37%,"1,000","5,580","80,641",2.22,"126,302",-9.58,6.84,
405,TIGER 미국달러SOFR금리액티브(합성),"57,960",상승50,+0.09%,0,"5,577","9,622",0.01,"6,889",N/A,N/A,
406,부국증권,"53,600",하락400,-0.74%,"5,000","5,558","10,370",0.83,"32,328",22.31,4.05,
407,삼양사,"53,500","상승1,100",+2.10%,"5,000","5,518","10,313",5.10,"11,959",4.95,7.53,
408,아세아시멘트,"14,700",하락40,-0.27%,500,"5,490","37,347",6.79,"109,074",8.60,7.65,
409,롯데손해보험,"1,764",상승36,+2.08%,"1,000","5,474","310,336",1.09,"144,795",-103.76,2.31,
410,유니드,"80,800",하락100,-0.12%,"5,000","5,468","6,768",9.90,"16,150",7.11,7.96,
411,KODEX 코스피,"32,705",상승75,+0.23%,0,"5,445","16,650",1.17,"273,463",N/A,N/A,
412,TIGER 우량회사채액티브,"117,665",하락10,-0.01%,0,"5,402","4,591",0.01,"31,214",N/A,N/A,
413,CJ4우(전환),"127,200","상승5,400",+4.43%,"5,000","5,376","4,227",5.40,"16,776",45.67,N/A,
414,바이오노트,"5,250",상승40,+0.77%,500,"5,358","102,056",0.53,"56,857",12.65,3.46,
415,세아홀딩스,"133,600","상승3,100",+2.38%,"5,000","5,344","4,000",1.30,"2,142",16.67,1.53,
416,엠씨넥스,"29,650",상승500,+1.72%,500,"5,330","17,978",13.65,"43,323",7.87,18.28,
417,후성,"4,955",상승125,+2.59%,500,"5,314","107,255",7.49,"697,911",-8.46,-21.71,
418,제주은행,"14,040",상승10,+0.07%,"5,000","5,307","37,799",1.38,"101,289",50.32,1.85,
419,삼성 레버리지 WTI원유 선물 ETN,"1,306",하락30,-2.25%,0,"5,276","404,000",0.01,"1,516,761",N/A,N/A,
420,OCI,"58,400","상승2,200",+3.91%,"5,000","5,228","8,952",6.32,"71,162",12.32,N/A,
421,KB KIS CD금리투자 ETN,"52,260",보합0,0.00%,0,"5,226","10,000",0.00,"6,196",N/A,N/A,
422,TIGER 미국달러단기채권액티브,"12,760",보합0,0.00%,0,"5,223","40,930",0.01,"201,102",N/A,N/A,
423,동국제강,"10,480",상승80,+0.77%,"5,000","5,199","49,608",27.48,"197,161",63.90,2.04,
424,PI첨단소재,"17,690",상승160,+0.91%,500,"5,195","29,366",7.67,"92,338",18.58,7.16,
425,JW중외제약,"22,300",상승50,+0.22%,"2,500","5,193","23,286",6.65,"23,803",8.90,21.87,
426,비에이치,"14,970",하락60,-0.40%,500,"5,159","34,464",9.80,"235,072",18.93,9.90,
427,TIGER 2차전지소재Fn,"4,205",상승30,+0.72%,0,"5,155","122,600",0.35,"8,781,330",N/A,N/A,
428,대신증권우,"19,750",하락50,-0.25%,"5,000","5,135","26,000",13.77,"60,123",10.69,N/A,
429,RISE KIS국고채30년Enhanced,"81,920",하락290,-0.35%,0,"5,133","6,266",0.01,"34,393",N/A,N/A,
430,퍼시스,"44,600",보합0,0.00%,"1,000","5,129","11,500",19.93,"1,434",15.49,8.64,
431,TIGER 미국필라델피아AI반도체나스닥,"12,215",하락275,-2.20%,0,"5,118","41,900",0.43,"828,500",N/A,N/A,
432,현대차증권,"8,270",상승110,+1.35%,"5,000","5,114","61,833",4.22,"96,614",8.40,2.80,
433,HD현대에너지솔루션,"45,550",상승100,+0.22%,"5,000","5,102","11,200",5.00,"72,655",27.67,0.03,
434,KODEX 미국배당커버드콜액티브,"11,740",하락15,-0.13%,0,"5,078","43,250",0.02,"677,307",N/A,N/A,
435,TIGER 미국테크TOP10타겟커버드콜,"14,055",하락55,-0.39%,0,"5,074","36,100",0.02,"260,924",N/A,N/A,
436,KCC글라스,"31,550",상승50,+0.16%,"1,000","5,039","15,971",8.46,"26,599",30.28,2.48,
437,ACE 200,"43,385",하락50,-0.12%,0,"5,033","11,600",11.39,"228,003",N/A,N/A,
438,KIWOOM 종합채권(AA-이상)액티브,"109,845",하락55,-0.05%,0,"5,003","4,555",0.00,644,N/A,N/A,
439,KODEX 자동차,"19,185",하락15,-0.08%,0,"4,998","26,050",0.30,"309,515",N/A,N/A,
440,제이알글로벌리츠,"2,525",하락5,-0.20%,"1,000","4,984","197,376",9.74,"336,067",12.75,2.48,
441,PLUS 종합채권(AA-이상)액티브,"116,290",하락65,-0.06%,0,"4,977","4,280",0.00,80,N/A,N/A,
442,TIGER 인도니프티50,"12,990",하락5,-0.04%,0,"4,956","38,150",0.13,"204,533",N/A,N/A,
443,신도리코,"48,950",하락750,-1.51%,"5,000","4,934","10,080",12.16,"14,252",7.56,7.12,
444,콜마홀딩스,"14,380",상승230,+1.63%,500,"4,932","34,296",20.61,"125,090",25.14,4.09,
445,고려제강,"18,190",상승40,+0.22%,"1,000","4,911","27,000",5.69,"41,118",31.86,1.95,
446,TCC스틸,"18,350",하락10,-0.05%,"1,000","4,810","26,214",5.80,"265,917",22.41,8.30,
447,NICE,"12,950",하락50,-0.38%,500,"4,808","37,128",10.42,"36,623",9.83,6.27,
448,KODEX 미국나스닥100(H),"17,840",하락135,-0.75%,0,"4,790","26,850",0.90,"174,536",N/A,N/A,
449,TIGER 테슬라채권혼합Fn,"13,470",하락65,-0.48%,0,"4,789","35,550",0.01,"304,293",N/A,N/A,
450,SPC삼립,"55,100","상승1,100",+2.04%,"5,000","4,755","8,629",3.61,"6,189",5.47,19.25,
451,KODEX 미국반도체,"27,195",하락460,-1.66%,0,"4,718","17,350",0.17,"361,612",N/A,N/A,
452,진에어,"9,000",상승170,+1.93%,"1,000","4,698","52,200",4.16,"109,729",6.42,51.15,
453,KODEX 미국달러SOFR금리액티브(합성),"11,955",상승20,+0.17%,0,"4,671","39,070",0.01,"42,737",N/A,N/A,
454,KODEX 국고채10년액티브,"114,800",하락55,-0.05%,0,"4,559","3,971",0.01,"4,987",N/A,N/A,
455,아모레퍼시픽우,"43,100",상승800,+1.89%,500,"4,550","10,558",44.51,"21,551",4.76,N/A,
456,화승엔터프라이즈,"7,470",하락40,-0.53%,500,"4,526","60,589",5.50,"66,390",12.99,6.38,
457,지누스,"20,300",상승200,+1.00%,500,"4,518","22,255",9.43,"132,081",17.87,-1.05,
458,TIGER 조선TOP10,"23,850",하락195,-0.81%,0,"4,496","18,850",2.04,"2,221,513",N/A,N/A,
459,KODEX AI전력핵심설비,"17,060",상승25,+0.15%,0,"4,470","26,200",0.78,"1,559,150",N/A,N/A,
460,RISE 200위클리커버드콜,"9,435",상승10,+0.11%,0,"4,453","47,200",0.40,"671,409",N/A,N/A,
461,신한 레버리지 WTI원유 선물 ETN(H),887,하락20,-2.21%,0,"4,435","500,000",0.00,"1,061,492",N/A,N/A,
462,KODEX 미국AI테크TOP10타겟커버드콜,"11,445",하락40,-0.35%,0,"4,418","38,600",0.02,"319,762",N/A,N/A,
463,조광피혁,"66,400",상승700,+1.07%,"5,000","4,415","6,649",0.64,"2,212",37.94,2.58,
464,명신산업,"8,390",상승190,+2.32%,500,"4,402","52,470",7.94,"78,189",4.10,20.95,
465,드림텍,"6,380",상승180,+2.90%,100,"4,395","68,890",57.37,"214,286",-375.29,0.95,
466,TIGER 미국S&P500(H),"14,970",하락50,-0.33%,0,"4,394","29,350",0.11,"81,246",N/A,N/A,
467,애경산업,"16,600",상승460,+2.85%,"1,000","4,384","26,410",2.20,"62,042",12.87,10.81,
468,RISE 미국30년국채엔화노출(합성 H),"8,320",하락20,-0.24%,0,"4,380","52,650",0.03,"350,153",N/A,N/A,
469,DS단석,"24,850",상승600,+2.47%,500,"4,370","17,584",2.79,"100,341",-79.14,-3.29,
470,TIGER 27-04회사채(A+이상)액티브,"53,630",상승5,+0.01%,0,"4,349","8,110",0.00,"22,372",N/A,N/A,
471,TIGER 2차전지TOP10,"8,465",상승60,+0.71%,0,"4,347","51,350",2.10,"3,976,299",N/A,N/A,
472,코람코라이프인프라리츠,"4,430",하락20,-0.45%,500,"4,312","97,335",1.32,"50,525",N/A,4.96,
473,동아에스티,"46,000",하락200,-0.43%,"5,000","4,302","9,353",17.58,"9,982",-541.18,-0.18,
474,KODEX 인도Nifty50,"13,260",하락10,-0.08%,0,"4,296","32,400",0.04,"126,293",N/A,N/A,
475,TIMEFOLIO 미국나스닥100액티브,"31,330",하락290,-0.92%,0,"4,292","13,700",0.25,"263,356",N/A,N/A,
476,KIWOOM 200,"43,250",하락40,-0.09%,0,"4,282","9,900",0.00,"56,067",N/A,N/A,
477,쏘카,"13,000",하락10,-0.08%,100,"4,269","32,842",1.01,"5,790",-23.99,-15.69,
478,맵스리얼티1,"4,535",상승25,+0.55%,0,"4,210","92,834",2.85,"67,555",N/A,N/A,
479,신대양제지,"10,420",하락200,-1.88%,500,"4,199","40,298",3.24,"53,086",14.37,6.00,
480,흥아해운,"1,745",상승20,+1.16%,500,"4,195","240,425",1.96,"950,560",10.97,20.08,
481,한세실업,"10,460",상승170,+1.65%,500,"4,184","40,000",3.07,"68,801",8.47,8.58,
482,TIGER 코리아배당다우존스,"12,110",상승115,+0.96%,0,"4,184","34,550",0.04,"1,582,030",N/A,N/A,
483,KODEX 금융고배당TOP10타겟위클리커버드콜,"12,560",상승140,+1.13%,0,"4,182","33,300",0.28,"594,665",N/A,N/A,
484,자화전자,"19,190",상승630,+3.39%,500,"4,175","21,757",5.90,"126,885",41.72,4.26,
485,세아제강,"146,700",상승100,+0.07%,"5,000","4,161","2,836",7.48,"6,378",3.41,N/A,
486,한전산업,"12,750",상승320,+2.57%,500,"4,156","32,600",1.64,"226,588",36.22,10.59,
487,티웨이항공,"1,928",상승54,+2.88%,500,"4,152","215,379",0.40,"2,056,913",-2.62,-55.03,
488,스틱인베스트먼트,"9,810",상승30,+0.31%,500,"4,089","41,678",27.46,"38,174",-114.07,3.72,
489,신세계인터내셔날,"11,500",상승250,+2.22%,"1,000","4,064","35,343",4.15,"66,642",16.72,3.85,
490,KODEX 한국부동산리츠인프라,"4,720",보합0,0.00%,0,"4,014","85,050",0.24,"1,091,569",N/A,N/A,
491,PLUS 머니마켓액티브,"52,520",상승10,+0.02%,0,"4,009","7,634",0.00,"14,846",N/A,N/A,
492,한일현대시멘트,"20,700",상승150,+0.73%,"5,000","4,001","19,328",1.64,"77,149",6.65,14.60,
493,해성디에스,"23,400",하락100,-0.43%,"5,000","3,978","17,000",8.37,"29,858",10.00,10.96,
494,삼아알미늄,"26,900",상승250,+0.94%,500,"3,958","14,712",37.34,"233,738",-30.96,-3.75,
495,KB스타리츠,"3,870",보합0,0.00%,500,"3,925","101,414",0.30,"43,538",-30.00,4.54,
496,삼성FN리츠,"4,300",상승20,+0.47%,500,"3,915","91,050",0.10,"72,644",113.16,0.89,
497,영진약품,"2,140",상승10,+0.47%,500,"3,914","182,893",3.01,"63,916",-214.00,1.37,
498,TIGER 미국나스닥100커버드콜(합성),"10,005",하락15,-0.15%,0,"3,907","39,050",0.02,"186,276",N/A,N/A,
499,더본코리아,"26,350",상승150,+0.57%,500,"3,894","14,777",0.89,"12,972",10.17,15.52,
500,넥스틸,"14,970",상승20,+0.13%,500,"3,892","26,002",0.41,"637,135",7.13,7.64,
